{"loss": [0.22454756498336792, 0.21569880843162537, 0.20374391973018646, 0.20171380043029785, 0.19908030331134796, 0.1815251260995865, 0.17444053292274475, 0.1554415225982666, 0.14764414727687836, 0.1401325911283493, 0.1412438303232193, 0.1308521181344986, 0.12121755629777908, 0.11920773237943649, 0.11502767354249954, 0.11177431792020798, 0.10584796965122223, 0.10284645110368729, 0.10497891157865524, 0.09979504346847534, 0.09769140183925629, 0.09600469470024109, 0.09577297419309616, 0.09356517344713211, 0.0909106507897377, 0.09265251457691193, 0.09342033416032791, 0.08999136835336685, 0.08626823872327805, 0.08641676604747772], "accuracy": [0.9074074029922485, 0.9094065427780151, 0.9157196879386902, 0.9182449579238892, 0.9188762903213501, 0.9260311722755432, 0.9292929172515869, 0.9346590638160706, 0.9391834735870361, 0.9420244097709656, 0.9396044015884399, 0.9472853541374207, 0.9473905563354492, 0.9513888955116272, 0.9539141654968262, 0.9547559022903442, 0.9563341736793518, 0.9586489796638489, 0.9555976390838623, 0.9569655060768127, 0.9594907164573669, 0.9614899158477783, 0.9602272510528564, 0.9612794518470764, 0.9614899158477783, 0.9620159864425659, 0.9618055820465088, 0.9640151262283325, 0.965172529220581, 0.9669612646102905], "auc": [0.9686228036880493, 0.9709382653236389, 0.9742519855499268, 0.974766731262207, 0.9755656123161316, 0.979275643825531, 0.9808984994888306, 0.9845917224884033, 0.9863367080688477, 0.9876114130020142, 0.9874504804611206, 0.9893665313720703, 0.9906850457191467, 0.9908880591392517, 0.9916367530822754, 0.9920510649681091, 0.9929838180541992, 0.9933403730392456, 0.9930713176727295, 0.9939208030700684, 0.9941164255142212, 0.9942532181739807, 0.9942851662635803, 0.9945383667945862, 0.9948436617851257, 0.9945935010910034, 0.9945258498191833, 0.9949290752410889, 0.9955861568450928, 0.9953096508979797], "val_loss": [0.44064050912857056, 0.4023238718509674, 0.5079825520515442, 0.5003284215927124, 0.4257856607437134, 0.42779624462127686, 0.45142659544944763, 0.416380912065506, 0.4194415211677551, 0.4382805824279785, 0.44710761308670044, 0.4802777171134949, 0.45889654755592346, 0.47496452927589417, 0.45003077387809753, 0.4565329849720001, 0.41991451382637024, 0.45272043347358704, 0.46203136444091797, 0.46422773599624634, 0.48250338435173035, 0.4425874650478363, 0.4477156102657318, 0.4755565822124481, 0.4964287579059601, 0.49537134170532227, 0.45618513226509094, 0.4575909376144409, 0.49206840991973877, 0.46865957975387573], "val_accuracy": [0.8176842331886292, 0.8378947377204895, 0.8101052641868591, 0.8046315908432007, 0.8252631425857544, 0.8261052370071411, 0.8374736905097961, 0.8370526432991028, 0.8437894582748413, 0.8256841897964478, 0.8463158011436462, 0.8282105326652527, 0.8429473638534546, 0.8383157849311829, 0.8517894744873047, 0.8475789427757263, 0.8602105379104614, 0.8526315689086914, 0.8458947539329529, 0.8640000224113464, 0.8513684272766113, 0.854736864566803, 0.8538947105407715, 0.848421037197113, 0.8513684272766113, 0.8442105054855347, 0.8568421006202698, 0.8551579117774963, 0.8560000061988831, 0.8597894906997681], "val_auc": [0.9061657786369324, 0.9215736985206604, 0.8981456160545349, 0.8991814255714417, 0.9115862846374512, 0.920356273651123, 0.9225044250488281, 0.9237985014915466, 0.9259993433952332, 0.9269310832023621, 0.925017774105072, 0.9190044403076172, 0.9228277802467346, 0.9260826110839844, 0.9295753240585327, 0.9272321462631226, 0.9319417476654053, 0.9299682974815369, 0.9296373128890991, 0.9306954741477966, 0.926360547542572, 0.9355046153068542, 0.9322747588157654, 0.9291911721229553, 0.929165244102478, 0.9268702268600464, 0.9314891695976257, 0.9324221014976501, 0.9298214912414551, 0.9300133585929871]}